{options : { "create" : "accounts" }, indexes:[{ "v" : 1, "key" : { "_id" : 1 }, "ns" : "ce.accounts", "name" : "_id_" }, { "v" : 1, "key" : { "account.email" : 1 }, "unique" : true, "ns" : "ce.accounts", "name" : "account.email_1" }, { "v" : 1, "key" : { "sims" : 1 }, "unique" : true, "ns" : "ce.accounts", "name" : "sims_1" }, { "v" : 1, "key" : { "tsp" : -1, "_id" : 1 }, "ns" : "ce.accounts", "name" : "tsp_-1__id_1" }, { "v" : 1, "key" : { "account.paymentMethod" : 1 }, "ns" : "ce.accounts", "name" : "account.paymentMethod_1", "account.cardNumber" : 1 }, { "v" : 1, "key" : { "account.surname" : 1 }, "ns" : "ce.accounts", "name" : "account.surname_1", "account.name" : 1 }, { "v" : 1, "key" : { "location.phone" : 1 }, "ns" : "ce.accounts", "name" : "location.phone_1" }]}