{options : { "create" : "connections" }, indexes:[{ "v" : 1, "key" : { "_id" : 1 }, "ns" : "ce.connections", "name" : "_id_" }, { "v" : 1, "key" : { "planId" : -1 }, "ns" : "ce.connections", "name" : "planId_-1" }, { "v" : 1, "key" : { "sessionId" : 1 }, "ns" : "ce.connections", "name" : "sessionId_1" }, { "v" : 1, "key" : { "sim.iccId" : 1 }, "ns" : "ce.connections", "name" : "sim.iccId_1" }, { "v" : 1, "key" : { "sim.iccId" : 1, "start" : -1, "end" : 1 }, "ns" : "ce.connections", "name" : "sim.iccId_1_start_-1_end_1" }]}